Board,Section,Title,Description,Links,ImageName
"Website Moodboard","Unknown","","","","602a81aa650b7f6d1524657fbb528006.jpg"
"Website Moodboard","Unknown","Monkey","Monkey","","0c87f0b2abe0caadd2ef6b1389424b78.jpg"
"Website Moodboard","Unknown","","","","a4d0c16c41bdfd54df1a179a45c9e54d.jpg"
"Website Moodboard","Unknown","MTV's Beavis and Butthead","","","e7584d202d254da4f0b1162c323ec584.jpg"
"Website Moodboard","Unknown","","","","e0d16ebc99f5e9415060320488bb6a8a.jpg"
"Website Moodboard","Unknown","","","","7f42f18e8ea1ff28afed804094a46783.jpg"
"Website Moodboard","Unknown","","","","e6a3e60d3c4aff5b46b0ae644499758f.jpg"
"Website Moodboard","Unknown","","","","b67b332eda0787922ca406683cfdb8aa.jpg"
"Website Moodboard","Unknown","Reklama za cigarete Camel","","https://www.electricireland.ie/switch/new-customer/price-plans?priceType=E&utm_source=Pinterest&utm_medium=paid_social&utm_campaign=smp&utm_content=conversion&pp=0","ad28dbf9e1024d38bf85d9de1837dc79.jpg"
"Website Moodboard","Unknown","","","","8889fe46ba8805289ccf527fa1df74ee.jpg"
"Website Moodboard","Unknown","","","","d99addf1d678c7df7bcc415dfc3ae3e3.jpg"
"Website Moodboard","Unknown","","","","5d9e5d5c1f0198bb11cd1aa2a863e37a.jpg"
"Website Moodboard","Unknown","A$AP Rocky look","A$AP Rocky plaide pour le look le plus respectable (et Ã©lÃ©gant) de ce dÃ©but d'annÃ©e Ã  Los Angeles. DÃ©cryptage.","https://www.gqmagazine.fr/article/asap-rocky-plaide-pour-le-look-le-plus-respectable-et-elegant-de-ce-debut-dannee-a-los-angeles","9ec0c28619d4ffffcb76e5b367ada91a.jpg"
"Website Moodboard","Unknown","","","","69d9919f45cf576698d0e6186e2db7a8.jpg"
"Website Moodboard","Unknown","","","","3b9a9ef1b71fc0fea589583d163e6e58.jpg"
"Website Moodboard","Unknown","","Busch Light (in autumnal design can) - Carl","http://www.artzberger.com/BeerCans/newcans/canpics/Busch0911.JPG","b36a6b81a61573b450843db2e13ec5cc.jpg"
"Website Moodboard","Unknown","","","","9e3d2b5e4f70a1e72bd03a8b481eabad.jpg"
"Website Moodboard","Unknown","","Pabst Blue Ribbon","","f731afe121db7f71f97031637049b017.jpg"
"Website Moodboard","Unknown","","","","7bf80f92eb6f8957a927221a4ac1a99c.jpg"
"Website Moodboard","Unknown","","","","c8de46a7fba99a8d44754bb6ac263e77.jpg"
"Website Moodboard","Unknown","","~ Buckfast ~ Wreck the Hoose Juice ~ made in Devon ~ England ~ now popular in Scotland ~","","f56bf1897ddf65949c47850257621e30.jpg"
"Website Moodboard","Unknown","","","","aecfa70ee9fcbdc5014f27845818be78.jpg"
"Website Moodboard","Unknown","","","","9d904a6ddd673598f7ad3b7e5e12acae.jpg"
"Website Moodboard","Unknown","","","","15a90a8910d3a9c0b9663c6f9f8ffbfe.jpg"
"Website Moodboard","Unknown","","","","67ee80413f7933ac3d913e32a2ab74ca.jpg"
"Website Moodboard","Unknown","","","","53b5ceed90e49ae12c87709386dc3f8b.jpg"
"Website Moodboard","Unknown","mood ðŸ˜œ","","","85d350c9115478d1ecc325e3c29bf8a7.jpg"
"Website Moodboard","Unknown","","","","4f3c7660d8ceedebd4b00414f77e3a26.jpg"
"Website Moodboard","Unknown","","","","097f4eb21b6b5ae1dcb7ea9242d1b5b8.jpg"
"Website Moodboard","Unknown","","","","02dd9a742402b3f2dff050bc75b12eed.jpg"
"Website Moodboard","Unknown","","","","463ac13487f8d38af9cd5cff2e9032d8.jpg"
"Website Moodboard","Unknown","fibonacci bread bender","","","a1eb63a82025d6597b1e3050a4a3e8ea.jpg"
"Website Moodboard","Unknown","","","","3f323ddc30014793aeb59c2b5aec75e9.jpg"
"Website Moodboard","Unknown","","Bring them up right!   The Racer Princess, Ken Block's 2 year-old daughter in her helmet & dress <3","","0309e852a295076d03762632f8f842b8.jpg"
"Website Moodboard","Unknown","","","","a869a18ab13319f4fe6974f7f4f255e9.jpg"
"Website Moodboard","Unknown","Carhart dog","If this pup can carry the weight, so can you. Faith gives us confidence. Gear up, prayer up.","","52f8789d86f30926e925020e0bc50f10.jpg"
"Website Moodboard","Unknown","","","","178f849be1119fe4a491b142a65d25ae.jpg"
"Website Moodboard","Unknown","Moyrus, Carna, Co. Galway.","","","b4c94f42b4a297c006fc4f818a65444e.jpg"
"Website Moodboard","Unknown","","The Sheep Herder and his Border Collies across the Irish hills ~lauren sobczak","","b8cbcb04489980a382ddf9bc06a075ee.jpg"
"Website Moodboard","Unknown","Tuesday Teaching: European Languages","Have you heard the joke? If you speak three languages, youâ€™re trilingual. If you speak two languages, youâ€™re bilingual. If you speak one language, youâ€™re American! Why is it that we require everyonâ€¦","http://tarasullivanbooks.com/2012/07/17/tuesday-teaching-european-languages/","8d02a517748a3b45888c527b2d0149d7.jpg"
"Website Moodboard","Unknown","he looks like he smells like marlboro reds","","","7f8f4e4247dfe9645396a295a268bb35.jpg"
"Website Moodboard","Unknown","Ireland countryside","Dingle, Ireland travel aesthetic","","e0d83fd158575ae69614f2da2912d6c4.jpg"
"Website Moodboard","Unknown","","","","a6b8e064ebe1e209749b09b72ef6bbdf.jpg"
"Website Moodboard","Unknown","","","","fd778b312131bafc67ea7f7f89a68371.jpg"
"Website Moodboard","Unknown","intelligent ðŸ’–","","","9fef5a8bb292567c50b1d0ac30bcdf46.jpg"
"Website Moodboard","Unknown","","","","e71008d953943323a91cccc730bf0232.jpg"
"Website Moodboard","Unknown","ðŸ«¶ðŸ»","","","8c7714b8a24b307e08cca0944c5de092.jpg"
"Website Moodboard","Unknown","","","","caa693d95675b551fb05ffd5488ae45b.jpg"
"Website Moodboard","Unknown","","","","6df649cc6d2212be7491c1406c6681d5.jpg"
"Website Moodboard","Unknown","galway ðŸ©·","","","ada83e57e1b42ef2cfdeea7f48e6093e.jpg"